{
    "loss": 0.43631309270858765,
    "accuracy": 0.8879310488700867
}